Organizer,Edition,Category,Registration Fee,Squad Member Count,Length,Start Time,Location,Squads
Hedokvizam,Hedokvizam,General Knowledge,2 EUR per player,1 - 5,140 min,"Mon, 23.10.2023. @ 20:00","Plava ptica|Ul. kralja Dr≈æislava, 10000, Zagreb, Croatia","['results', '1 Jemen ti mater 40', '2 Nemamo Kemijsku 36', '3 Marko Kvizaja 35', '3 ≈Ωi≈æekovi tikovi 35', '5 Gro zlata oko vrata 33', '6 The Bestrogen 32', '7 toma tvrdic 30.5', '8 Sandra Perkoviƒá Thompson 30', '9 73 26', '10 Bur≈æoslavija 23.5', '11 Don Quizote 22.5', '12 Bibin svijet 21.5', '12 Toni 21.5']"
Hedokvizam,Hedokvizam #57,General Knowledge,2 EUR per player,1 - 5,140 min,"Mon, 08.01. @ 20:00","Bluebird|Ul. kralja Dr≈æislava 4, 10000, Zagreb, Croatia","['results', '1 Jemen ti mater 42.5', '2 Marko Kvizaja 42', ""3 Gramz 'n' Noses 38.5"", '4 Retoriƒçko pipanje 38', '5 Startovanje Grliƒáa Radmana 36.5', '6 Don Quizote 36', '6 Nemamo kemijsku 36', '6 ≈Ωi≈æekovi tikovi 36', '9 Sandra Perkoviƒá Thompson 33', '10 Prometni poku≈°aj 32.5', '11 Freudova mama 31.5', '11 Litra maslinovog 10 eura 31.5', '13 Radno ime 29.5', '14 M&Ms 19.5']"
Vortex Quiz Factory,Varadero #67,General Knowledge,2 EUR per player,1 - 5,150 min,"Wed, 10.01. @ 20:00","Varadero Bar|Ozaljska ul. 8, 10000, Zagreb, Croatia","['results', '1 MATE SVJETSKI 76', '2 HRVATSKA TRA≈ΩI ≈ΩLIJEZDU 74', '3 MI≈†EVI 72.5', '4 KVIZANTROPI 72', '5 ALTERNATIVNE ƒåINJENICE 70', '5 DENVERSKI OMLET 70', '7 MILF ≈†NITE 69.5', '8 BRADE I BRKOVI 67.5', '9 SLAVEN MELUPO 66.5', '10 KLACKALICA STRAVE 66', '11 PLENKO≈†ENKO 65', '12 LES QUIZERABLES 63', '13 041 62.5', '14 NIXINI ANƒêELI 59.5', '15 NAJSLABIJA KARIKA 58', '15 DRAƒåE ISPOD MASLINA 58', '17 PLITAK POTOK 56', '18 SRDELICE 50', '19 DRHTULJA MRKULJA 37.5', '20 TOMICA I PRIJATELJI 32']"
caffe bar London Zagreb,88. opƒái pub kviz,General Knowledge,Free,2 - 5,180 min,"Sat, 20.01. @ 19:00","Caffe Bar London|Nova Ves 73, 10000, Zagreb, Croatia","['results', '1 Milf ≈†nite 64', '2 Piceki 54', '3 Star TV 52', '4 Rƒëave vilice 51', '5 N-Fantasticus 47', '5 Pimpecus Maximus 47', '7 Kita cvijeƒáa 41', '8 Tobbaco squad 33', '9 Diplomirani znalci 29']"
Hedokvizam,Hedokvizam #59,General Knowledge,2 EUR per player,1 - 5,140 min,"Mon, 22.01. @ 20:00","Caffe bar Plava ptica|Ul. kralja Dr≈æislava 4, 10000, Zagreb, Croatia","['results', '1 Jemen ti mater 41.5', '2 Marko Kvizaja 41', '3 Nemamo kemijsku 36.5', '4 Sandra Perkoviƒá Thompson 36', '4 Moja Ines 36', '6 Prometni poku≈°aj 35', '7 Gro zlata oko vrata 34', '8 ≈Ωi≈æekovi tikovi 32.5', '9 Don Quizote 25', '9 Zadnji 25', '11 Litra maslinovog 10 eura 23.5', '12 Zitfit 23']"
IQuiz,IQuiz CXXIV (124),General Knowledge,10 EUR per team,2 - 5,150 min,"Tue, 23.01. @ 20:00","IQ bar|Ul. Lavoslava Ru≈æiƒçke 66, 10000, Zagreb, Croatia","['results', '1 Ryan Kikks 42.5', '2 Rozi jednorozi 40.5', '3 Retoriƒçko pipanje 37.5', '4 Nepovratna amblama≈æa 36.5', '5 Ezopove krasne 36', '5 Bare i plaƒáenici 36', '7 Kapetanica Lexi 34.5', '8 Svi nas se boje i lakovi 33', '9 Pravnici i suradnici 32.5', '9 Bro-ƒêani 32.5', '11 Usamljeni jahaƒçi 32', '12 Quizards of Oz 30.5', '13 Perzijske ru≈æice 30', '13 Subliminalni desniƒçari 30', '15 Oralne hijene 29.5', '16 ƒêumbirova dru≈æina 28', '17 Neuroticna mreza 26.5', '18 BEJ HA 25', '18 Ime ekipe 25', '20 Fourierovi sinovi 23.5', '20 Bandwagona≈°i 23.5', '20 Profesori i asistenti 23.5', '23 5 do ? 23', '24 Gemi≈°taljke 20.5', '25 Luj XVI. 20', '26 Ski jam 19.5', '27 Validne bebe 18', '28 Vic team 17.5', '29 1950 13']"
qwyz,"qwyz #1, @Varadero Bar",General Knowledge,3 EUR per player,1 - 4,135 min,"Thu, 08.02. @ 20:00","Varadero Bar Zagreb|Ozaljska ul. 8, 10110, Zagreb, Croatia","['results', '1 Jaka rekcija 46.5', '2 Zombi ujak 43.5', '3 Retoriƒçko pipanje 43.1', '4 Daj Kiri daiquiri 43', '5 OnlyFans and Horses 41.5', '6 Marijan je upolju 41', '7 Tihi ubojice 38', '7 Ispiƒçuture 38', '9 Borg i Hrvati 35', '9 Ni≈æerazredni vratnik 35', '11 ExDretva 34', '12 Pale Ale sam na svijetu 33', '12 On me voli na svom naƒái 33', '12 Ime nam je najmanji problem 33', '15 Lujovo prezime 32.5', '16 Bertha Mason 32', '17 ƒåonjci 31.5', '18 Milf ≈°nite 30.5', '19 Jazavci 29.5', '20 Romi i Romulanci 28.6', '21 Shankatak 28.5', '22 Rikverc 27.5', '22 Srbi i Federacija 27.5', '24 ≈†rajbendorfƒçani 27', '25 Sestre nemilosrdnice 24.6', '26 Minerva 24.5', '27 RKR PMP 20', '28 Ispred knji≈ænice 19.5', '29 Bubice male 17']"
caffe bar London Zagreb,Tko pjeva zlo ne misli pub kviz,Other,Free,2 - 5,180 min,"Fri, 26.01. @ 20:15","Caffe Bar London|Nova Ves 73, 10000, Zagreb, Croatia","['results', '1 Rospije 64', '2 ≈†ankatak 62', '3 Svinje prevarantske 55', '4 Rƒëave vilice 54', '5 Gumigelenk 51', '6 Pare i blaƒáenici 47', '7 Zajci 46', '8 Minus 5 42', '9 Boldrixi 36', '10 Lo≈°a fora Jo≈°ka Lokasa 32', '11 Coctel 0', '11 Pi≈°toljƒëije 0', '11 ≈†nelfotograf 0']"
Hedokvizam,Hedokvizam #60,General Knowledge,2 EUR per player,1 - 5,140 min,"Mon, 29.01. @ 20:00","Caffe bar Plava ptica|Ul. kralja Dr≈æislava 4, 10000, Zagreb, Croatia","['results', '1 Sandra Perkoviƒá Thompson 40', '2 Marko Kvizaja 38.5', '3 ≈Ωi≈æekovi tikovi 36.5', '4 Jemen ti mater 36', '5 Prometni poku≈°aj 33.5', '6 Litra maslinovog 10 eura 29', '7 Don Quizote 26', '8 And Then There Was One 25', '8 Tek je ponedjeljak 25']"
IQuiz,IQuiz CXXV (125),General Knowledge,10 EUR per team,2 - 5,150 min,"Tue, 30.01. @ 20:00","IQ bar|Ul. Lavoslava Ru≈æiƒçke 66, 10000, Zagreb, Croatia","['results', '1 Dinosauri 44.5', '2 Barry Lyndon Selahi 44', '3 Nepovratna amblama≈æa 43.5', '4 Rozi jednorozi 43', '5 Kapetanica Lexi 40', '6 Bro-ƒêani 37.5', '7 Retoriƒçko pipanje 36.5', '8 Subliminalni desniƒçari 35', '9 Quizards of Oz 34', '10 Neurotiƒçna mre≈æa 33.5', '11 Svi nas se boje i lakovi 33', '12 Oralne hijene 32', '13 Star Whores 29.5', '14 The Bada Bings 27', '15 Crystal Math 26.5', '16 Sibirski plavac 25', '17 Jato Gavrana 23', '18 banans 22', '19 Griz i jaja 21.5', '20 Perzijske ru≈æe 16.5', '21 Peti kotaƒç 16', '22 Zadnje mjesto 6.5']"
Pub Quizling,Pub Quizling u Hendrixu,General Knowledge,10 EUR per team,2 - 5,120 min,"Sun, 11.02. @ 19:00","Hendrix Pub|Ju≈æna obala II 10, 10000, Zagreb, Croatia","['results', '1 Pope sagrije≈°ila sam 57', '2 Kukasti kviz 53', '3 Bober Kurwa 50.5', '4 Okupili smo se ovdje 47.5', '5 The Doors 46.5', '6 ƒêaka City 46', '7 Lipa i radosti 43.5', '8 Bivolje Brdo B.B. 42.5', '9 Netoƒçan odgovor 36.5', '10 CKB1 34', '11 Geralt of Trivia 33', '12 Zadnji 23.5']"
IQuiz,IQuiz CXXVII (127),General Knowledge,10 EUR per team,2 - 5,150 min,"Tue, 13.02. @ 20:00","IQ bar|Ul. Lavoslava Ru≈æiƒçke 66, 10000, Zagreb, Croatia","['results', '1 Retoriƒçko pipanje 45.5', '2 Assburger syndrome 45', '3 Nepovratna amblama≈æa 43.5', '4 Dalmacija, Panama 41.5', '5 Rozi jednorozi 40.5', '6 Subliminalni desniƒçari 35', '7 Svi nas se boje i lakovi 34', '7 Kapetanica Lexi i posada 34', '9 Gnjile voƒákice 33.5', '9 Sunƒçana strana guzice 33.5', '11 Galga Dota 33', '12 Oralne hijene 32', '13 Sove fu≈°are 31.5', '14 Fourierovi sinovi 28.5', '15 Quizards of Oz 25.5', '16 ≈†ampioni bez viskija 25', '17 Griz i jaja 24', '18 Oko≈° boko≈° 23']"
Hedokvizam,Hedokvizam #62,General Knowledge,2 EUR per player,1 - 5,140 min,"Mon, 12.02. @ 20:00","Caffe bar Plava ptica|Ul. kralja Dr≈æislava 4, 10000, Zagreb, Croatia","['results', '1 Marko Kvizaja 40', '2 Jemen ti mater 35.5', '3 Sandra Perkoviƒá Thompson 34.5', '4 Prometni poku≈°aj 32.5', '5 Krastavac 31.5', '6 ≈Ωeljko Sopiƒá 27.5', '6 Don Quizote 27.5', '8 Litra maslinovog 10 eura 27', '9 And then there was one 15.5']"
Hedokvizam,1. humanitarni CroMSIC pub kviz,General Knowledge,3 EUR per player,3 - 5,120 min,"Tue, 13.02. @ 20:00","Kafiƒá Plava Ptica|Ul. kralja Dr≈æislava 4, 10000, Zagreb, Croatia","['results', '1 ≈†erif u Porscheu 38', '2 The Kidney Stones 37.5', '3 Somnolencija 36.5', '4 Gracinove tebre 36', '5 Nas pet 34.5', '6 Glasovi u glavi 34', '7 ROTA 32', '7 mno≈æebolje 32', '9 ≈Ωabe 27.5', '10 Morisson 2 27', '11 Mahunarke 26.5', '12 tractus hipotalamoneurohipophysialis 25.5', '13 zizeki 24.5', '14 nsk ≈ærtve 24', '15 Neoploƒëeni 23.5', '16 Geoduck 21']"
Pub Quizling,Nogometni kviz u IQ baru,Nogomet (Sport & Games),10 EUR per team,2 - 5,120 min,"Wed, 21.02. @ 19:00","IQ bar|Ul. Lavoslava Ru≈æiƒçke 66, 10000, Zagreb, Croatia","['results', '1 Pas Kri≈æanac Ivica 36', '2 Nogopedia 32.5', '3 Dojave Ivana Toneya 30.5', '4 Sijem ≈æito 30', '5 Oƒçi boje Leicestera 29.5', '6 Nwankwo Kanu 27', '7 Patnje mladog Wernera 24.5', '8 Romanovi Sljedbenici 21.5', '9 Mlade nade s Pongraƒçeva 21', '9 Jebo te Batistuta 21', '11 Edinson kafani 19.5', '12 Kvizidane 16', '13 Djemba-Djemba 15', '14 Obo≈æavatelji Korƒçule 14.5', '15 3 ≈æuta Joea ≈†imuniƒáa 13.5', '16 Studio Akord 10.5', '16 YNWA 10.5', '16 Matko Kvizi≈°iƒá 10.5', '16 Szoboszlikari 10.5', '20 San Marino 10', '21 Ray Ban Jelaƒçiƒá 9', '21 Maca Lukas 9', '23 Tri i pol mu≈°karca 8.5', '23 Brexit means Brexit 8.5', '23 Shemale Vrsaljko 8.5', '23 2 igraƒça s klupe 8.5', '27 AsPas mater 8', '27 0/64 8', '29 Fakeri 7.5', '30 Teo i genijalci 6', '31 Tko te pita Iaquinta 4']"
caffe bar London Zagreb,90. Opƒái PUB QUIZ,General Knowledge,Free,2 - 5,180 min,"Sat, 17.02. @ 19:15","Caffe Bar London|Nova Ves 73, 10000, Zagreb, Croatia","['results', '1 Milf ≈°nite 69', '2 Rospije 63', '3 Vostok 62', '4 ≈†ankatak 56', '5 Karam Prasad 54', '6 Rƒëave vilice 49', '7 N-Fantasticus 46', '8 Boldrixi 29']"
Bear & Raven Pub Quiz Experience,19. Kviz Opƒáeg Znanja by Bear&Raven,General Knowledge,2 EUR per player,2 - 5,130 min,"Wed, 14.02. @ 19:30","Teacher's Pub Brewery|Savska cesta 76, 10000, Zagreb, Croatia","['results', '1 Tvornica la≈æi 53', '2 Doja Vola 52.5', '3 Raffaelo Nadal 50', '4 ƒåagljevi 48.5', '5 Volim ja vesele ljude 45', '6 Lo≈°e ime 43', '7 Klimava pipa 42.5', '8 Retoriƒçko pipanje 42', '9 Odmetnice 36', '10 Regoƒç 35', '11 Tvornica ljubavi 17']"
Hedokvizam,Hedokvizam #63,General Knowledge,2 EUR per player,1 - 5,140 min,"Mon, 19.02. @ 20:00","Caffe bar Plava ptica|Ul. kralja Dr≈æislava 4, 10000, Zagreb, Croatia","['results', '1 Marko Kvizaja 41.5', '2 ≈Ωi≈æekovi tikovi 38.5', '3 Jemen ti mater 37.5', '4 Ringi≈°pil 35', '5 Sandra Perkoviƒá Thompson 32', '6 The Bestrogen 31', '7 Moja Ines 29.5', '7 No brainers 29.5', '9 Litra maslinovog 10 eura 28.5', '10 ≈Ωeljko Sopiƒá 25.5', '11 And Then There Was One 23.5', '12 Don Quizote 19']"
Pub Quizling,Pub Quizling u Hendrixu,General Knowledge,10 EUR per team,2 - 5,120 min,"Sun, 18.02. @ 19:00","Hendrix Pub|Ju≈æna obala II 10, 10000, Zagreb, Croatia","['results', '1 Gamblers 65.75', '2 Baka Cela 64.5', '3 ƒêaka City 61', '4 Nuke kids on the block 60.25', '5 Petina ≈ævake 58', '6 The Doors 51.5', '7 Zauvijek susjedi 48.5', '8 Lipa i radosti 48.25', '9 Okupili smo se ovdje 48', '10 Poliester Williams 47.25', '11 Mi≈°iƒái 46', '12 Ekipa s odjela 28', '13 Kamen i drvo 25']"
IQuiz,IQuiz CXXVIII (128),General Knowledge,10 EUR per team,2 - 5,150 min,"Tue, 20.02. @ 20:00","IQ bar|Ul. Lavoslava Ru≈æiƒçke 66, 10000, Zagreb, Croatia","['results', '1 Dinosauri 41', '2 Subliminalni desniƒçari 39', '3 Rozi jednorozi 38', '4 Retoriƒçko pipanje 37.5', '4 Kapetanica Lexi 37.5', '6 Nepovratna amblama≈æa 32.5', '7 Tiramisus 31.5', '8 Test Run 31', '9 Neurotiƒçna mre≈æa 29.5', '10 Sokol ga nije dojio 29', '10 Oralne hijene 29', '12 U≈°lagirana nona 28', '13 ƒêumbirova dru≈æina 27', '14 Fourierovi sinovi 26.5', '15 Nepolarni medvjedi 23.5', '15 Svi nas se boje i lakovi 23.5', '17 Sec(tan(x)) 22', '18 Ivek si doma? 19.5', '18 ≈†aƒçica klimavaca 19.5', '20 Fensi kafanica 19', '21 Ivan bez plodova zemlje 17.5', '22 Ga≈°enje 16', '23 Nadra≈æen Zeƒçiƒá 15']"
Vortex Quiz Factory,Varadero liga S4#4 - popunjeno,General Knowledge,2 EUR per player,1 - 5,150 min,"Wed, 21.02. @ 20:00","Varadero Bar|Ozaljska ul. 8, 10000, Zagreb, Croatia","['results', '1 MILF ≈†NITE 86.5', '2 ONLYFANS AND HORSES 80', '3 N.N.Z.K. 79.5', '4 MI≈†EVI 78.5', '5 L.≈Ω.N.K. 72', '6 LES QUIZERABLES 67.5', '7 PLENKO≈†ENKO 65', '8 4+1 GRATIS 63', '9 13. PRASE 62.5', '10 SLAVEN MELUPO 62', '11 BRADE I BRKOVI 61.5', '11 DENVERSKI OMLET 61.5', '11 NAJSLABIJA KARIKA 61.5', '14 OPASKA AUTORA 60.5', '15 GO ≈†KART 60', '16 MATE SVJETSKI 59.5', '17 RAJSKE KMICE 58.5', '18 KVIZANTROPI 57', '18 ƒÜAƒÜA PO VRAƒÜA 57', '20 WALTER BRANI ISTOƒåNO SARAJEVO 55', '21 SRDELICE 54.5', '22 041 53.5', '23 ALTERNATIVNE ƒåINJENICE 49.5', '24 ZVJEZDICE 48.5', '25 DRAƒåE ISPOD MASLINA 46.5', '26 ALZHEIMER UNITED 46', '27 DRHTULJA MRKULJA 42.5', '28 BUKAJ? 37', '29 ≈†ARANI NA RA≈†LJAMA 30.5', '30 H≈ΩV 29.5']"
Kviz u Dvojci,Kviz u Dvojci #10,General Knowledge,10 EUR per team,2 - 5,120 min,"Sat, 24.02. @ 20:00","Caffe bar 2|Vatrogasna ul. 2, 10380, Sveti Ivan Zelina, Croatia","['results', '1 Sekundarne sirovine 48.5', '1 MAJMUNI 48.5', '3 Mekota 46.5', '4 Odliƒçan(4) 46', '5 Petica 40.5', '6 Bruco≈°i 30', '7 Mlinci z rezanci 29', '8 Beverly Hills 28.5', '9 Tulipani 26']"
Bear & Raven Pub Quiz Experience,Kviz Opƒáeg Znanja #20,General Knowledge,2 EUR per player,2 - 5,130 min,"Wed, 21.02. @ 19:30","Teacher's Pub Brewery|Savska cesta 76, 10000, Zagreb, Croatia","['results', '1 Doja Vola 50', '2 Jole je kriv 49', '3 Medeni 47.5', '4 Volin ja vesele ljude 47', '5 The Tko 46', '6 Klimava pipa 45.5', '7 Festina Blente 44.5', '8 Simply Bad 44', '9 ≈†kola stranih jezika cunnilimgus 41', '10 Odmetnice 40.5', '11 Tvornica la≈æi 40', '12 La≈æna tvornica 39.5', '13 Regoƒç 38', '14 Zlatne ribice 37', '15 Element iznenaƒëenja 35.5', '16 ƒåagljevi 30']"
Bear & Raven Pub Quiz Experience,3. kviz opƒáeg znanja,General Knowledge,2 EUR per player,2 - 5,130 min,"Tue, 27.02. @ 19:30","Caffe Bar Sabotage|Ul. Lavoslava Ru≈æiƒçke 64, 10000, Zagreb, Croatia","['results', '1 ≈†tok i vjeverica 52.5', '2 Gogh Rangers 47', '3 Naky 44', '4 Pub Queef 37', '5 Tupacables 33.5', '6 Grof nokte grizo 32.5', '7 Baby bolonjez 32', '8 Kredenci 31.5', '8 Drvari 31.5', '10 Trizan biti 31', '11 ≈†vrake 20.5']"
Pub Quizling,Pub Quizling u Hendrixu,General Knowledge,10 EUR per team,2 - 5,120 min,"Sun, 25.02. @ 19:00","Hendrix Pub|Ju≈æna obala II 10, 10000, Zagreb, Croatia","['results', '1 ƒêaka City 67.5', ""2 Gram'ze nozez 64.5"", '3 Mi≈°iƒái 50.5', '4 Napaljeon 48.5', '5 Bober kurwa 47.5', '6 Pelin Rangers 43', '7 Diplomirani znalci 40.5', '8 Korƒçula 38.5']"
Pub Quizling,OUT Garden pub kviz by Pub Quizling,General Knowledge,10 EUR per team,3 - 6,120 min,"Sun, 03.03. @ 20:00","OUT Garden Restaurant & Bar|Ilica 16, 10000, Zagreb, Croatia","['results', '1 Pope, sagrije≈°ila sam 75.5', '2 Ivana Banfiƒá Ma≈æuraniƒá 72.5', '3 ≈†tracatela 68.5', '4 Klepetani Malene 68', '5 ƒåarobna dru≈æina ƒçmarnog kolutiƒáa 67.5', '5 Pluh 67.5', '7 NK Marsonia 65.5', '8 Posljednji al‚Äô najljep≈°i 65', '8 Golden sands 65', '10 Juda≈° i Kostoviƒá 64.5', '11 Keƒçige 62.5', '12 Kviza≈° Haderach 61', '13 Danko i 5 kuƒçkica 59.5', '14 Robertolina 54', '15 ≈†aranƒçiƒái 53', '16 Szoboszlikari 52', '17 Splitske Dr.Olje 51', '18 Gracinove tebre 48.5', '18 Sfinkter 48.5', '20 Barun Hladimir 46.5', '21 Ostavljeni na cjedilu 44.5', '22 Gerijatrija 44', '23 Baudelairove goru≈°ice 42.5', '24 Koko≈°i 42', '25 Kiks 41.5', '25 Izgubljene djevojke 41.5', '27 U zadnji ƒças 41', '28 7 bubrega 39', '29 Mirogojƒçek s ledom 37', '30 Dejstvovatelji 36', '31 Kredenci 27.5']"
caffe bar London Zagreb,91. Opƒái PUB QUIZ,General Knowledge,Free,2 - 5,180 min,"Sat, 02.03. @ 19:15","Caffe Bar London|Nova Ves 73, 10000, Zagreb, Croatia","['results', '1 Rospije 68', '2 Milf ≈°nite 64', '3 Ka-tet brze gusjenice 63', '4 Vostok 61', '5 N-Fantasticus 58', '6 Rƒëave vilice 49', '7 Domosapiens 34', '8 Pristani≈°te za pametne 33', '8 Diplomirani znalci 33', '10 Tobacco squad 30']"
IQuiz,IQuiz CXXX (130),General Knowledge,10 EUR per team,2 - 5,150 min,"Tue, 05.03. @ 20:00","IQ bar|Ul. Lavoslava Ru≈æiƒçke 66, 10000, Zagreb, Croatia","['results', '1 Rozi jednorozi 46.5', '2 Ryan Kikks 45', '3 Bro-ƒêani 44', '4 Star Whores 41.5', '5 Subliminalni desniƒçari 41', '6 ≈†tracatela 40.5', '7 Nepovratna amblama≈æa 39', '7 Oralne hijene 39', '9 Stenjevec 38', '10 Svi nas se boje i lakovi 37', '10 AK Kepaƒç united 37', '12 Punta 36', '13 Neurotiƒçna mre≈æa 35', '14 Rim tim easy win 33', '15 Test run 31.5', '16 banans 31', '17 The Bada Bings 29', '18 Puni≈°a Rafiƒá 28', '19 Griz i jaja 27.5', '19 Umjetniƒçko lizanje 27.5', '21 Dipl ing 26', '22 Kodene vozice 25.5', '23 ƒåetverono≈æni krumpir 22', '24 Cikade 19.5', '25 Powerpuff cure 15']"
Kviz u Dvojci,Kviz u Dvojci 11,General Knowledge,10 EUR per team,2 - 5,120 min,"Sat, 09.03. @ 20:00","Caffe bar 2|Vatrogasna ul. 2, 10380, Sveti Ivan Zelina, Croatia","['results', '1 Only fools and horses 52.5', '2 42 51', '3 Sekundarne sirovine 45.5', '4 MAJMUNI 44', '5 To≈°e ima kro≈°e 43.5', '6 Winksice 40.5', '7 ƒåu≈°pajz 37', '7 Mlinci z rezanci 37', '9 PPiS 36.5', '10 Beverly Hills 34.5', '11 Bruco≈°i 30', '12 Petica 29.5']"
IQuiz,IQuiz CXXXI (131),General Knowledge,10 EUR per team,2 - 5,150 min,"Tue, 12.03. @ 20:00","IQ bar|Ul. Lavoslava Ru≈æiƒçke 66, 10000, Zagreb, Croatia","['results', '1 Rozi jednorozi 45', '2 Ryan Kikks 43.5', '3 Bro-ƒêani 42.5', '4 Nepovratna amblama≈æa 42', '5 Retoriƒçko pipanje 40', '6 Michael Stipe Vuk≈°iƒá 38', '7 Star Whores 37.5', '8 Subliminalni desniƒçari 37', '9 Ukusne voƒákice 36.5', '10 Fourierovi sinovi 36', '11 Oralne hijene 35.5', '12 Svi nas se boje i lakovi 33.5', '13 Male≈°nicla 33', '14 Bare i placenici 31', '15 Griz i jaja 30', '16 Banans 29.5', '17 Neurotiƒçna mre≈æa 29', '17 Tudumi 29', '19 Pomalo 28', '20 Heroin, a ne zloƒçinac 24.5', '20 Nogi≈° 24.5', '22 Cikade 18.5']"
qwyz,qwyz Varadero #2,General Knowledge,3 EUR per player,1 - 4,150 min,"Thu, 21.03. @ 20:00","Varadero Bar Zagreb|Ozaljska ul. 8, 10110, Zagreb, Croatia","['results', '1 Jaka rekcija 47.5', '2 Zombi ujak 42.5', '3 Tihe ubojice 41.5', '4 Daj Kiri daiquiri 38.5', '5 ƒåetvorka iz piramida 38', '6 Suza za ≈†iroki Brijeg 35.5', '7 Bertha Mason 33.6', '8 OnlyFans and Horses 33.5', '9 Alfej, Penej i Vanja (i sjena Kristova) 32.5', '10 N&Co 31.5', '11 Milf ≈°nite 31', '12 Na≈°e ime je...umm, ne smijem reƒái 27', '13 Pale Ale sam na svijetu 26', '14 Borg I Hrvati 25.6', '15 Hipnotisano pile 25.5', '16 Kviza≈° Hedera≈° 24.5', '17 Sestre nemilosrdnice 21.5', '18 Svizac Haderach 20.5', '19 Velike buba≈°vabe 15', '20 Ispred knji≈ænice 13.5']"
Hedokvizam,Hedokvizam #67,General Knowledge,2 EUR per player,1 - 5,140 min,"Mon, 18.03. @ 20:00","Caffe bar Plava ptica|Ul. kralja Dr≈æislava 4, 10000, Zagreb, Croatia","['results', '1 Marko Kvizaja 39.5', '2 Moja Ines 37', '2 Prometni poku≈°aj 37', '4 Jemen ti mater 36.5', '4 Slaven Me Lupo 36.5', '6 The Bestrogen 36', '7 ≈Ωi≈æekovi tikovi 35', '8 Litra maslinovog 10 eura 31.5', '9 nas5 27.5', '10 Don Quizote 25.5', '11 Grupa nikad skupa 24.5']"
Pub Quizling,OUT Garden pub kviz opƒáeg znanja,General Knowledge,10 EUR per team,3 - 6,120 min,"Sun, 17.03. @ 19:30","OUT Garden Restaurant & Bar|Ilica 16, 10000, Zagreb, Croatia","['results', '1 Sivi ƒåavlji 65', '2 Geralt of Trivia 57.5', '3 Izbavitelji 48.5', '4 The Godmothers 48', '5 Dalmatinke i Purger 44.5', '6 IBAN 42', '7 Grunteki 39.5', '8 Atom 38.5', '9 Vla≈æna uzbuna 37.5', '10 Ljubiƒçasti zmajevi 37', '11 Medenjari 35', '12 Padela≈°i 31.5', '13 Nightmare Stage 30.5', '14 The Quizzards of Oz 30', '15 Dalmo≈°i 26.5', '16 Krimtim3 26', '17 Tartaruga 25.5', '18 Ratatuj 18.5']"
Pub Quizling,Nogometna kviz liga u IQ baru - prvo kolo,Nogomet (Sport & Games),12 EUR per team,2 - 5,120 min,"Wed, 20.03. @ 20:00","IQ bar|Ul. Lavoslava Ru≈æiƒçke 66, 10000, Zagreb, Croatia","['results', '1 Sivi Pinto vinarije Pirlo 45.5', '2 Smalldini 43', '3 Pas Kri≈æanac Ivica 39', '4 Dojave Ivana Toneya 38', '5 Kvaradona 35', '6 Nwankwo Kanu 34.75', '7 Mini Heineken 34.25', '7 Kvizidane 34.25', '9 Marco Rose ƒçuva koze 33', '10 Optika Edgar Davids 31.75', '11 Oƒçi boje Leicestera 31.5', '12 Leo pravi gula≈° 30.25', '13 Bager 29.25', '14 Malo Gusto 29', '15 ≈†ora i ≈°ica 28.5', '16 Bledijeva Shkemba 27.5', '17 Volim piti i Umtiti 23', '17 ≈Ωuta legija 23', '19 Girona 21.75', '20 YNWA 20.75', '21 Sava Krpa Sava 20', '22 Topnici 19.5', '23 Niskoprofilne varijante 18', '24 Anduver Zambrano Bateria 17.75', '25 Rovinje≈æi 16.5', '26 Aloo Bugojno! 10.5', '26 Pierluigi s kolinja 10.5', '28 Babel‚Äôs Boys 6.5']"
IQuiz,IQuiz CXXXII (132),General Knowledge,10 EUR per team,2 - 5,150 min,"Tue, 19.03. @ 20:00","IQ bar|Ul. Lavoslava Ru≈æiƒçke 66, 10000, Zagreb, Croatia","['results', '1 Jaka rekcija 46', '2 Rozi jednorozi 45', '3 Retoriƒçko pipanje 43', '4 Nepovratna amblama≈æa 41.5', '5 Cinegine Cigane 39.5', '5 Oralne hijene 39.5', '5 Mislavƒçak 39.5', '8 Tu≈æne, ali i dalje ukusne voƒákice 38.5', '8 Male≈°nicla 38.5', '10 Fourierovi sinovi 38', '11 Isus Kvizt 37.5', '12 Narodne starine 37', '12 Grizola 37', '12 banans 37', '15 Ma≈°a i medvjedi 36.5', '15 Cillian Morfij 36.5', '15 Apostoli opata Dr≈æihe 36.5', '15 Ivan bez plodova zemlje 36.5', '19 4.A 36', '19 Bro-ƒêani 36', '19 Svi nas se boje i lakovi 36', '22 Subliminalni desniƒçari 35.5', '23 Mamuti 35', '24 Catherine StriptiZeta Jones 34.5', '24 Bare i placenici 34.5', '26 El Sinco 34', '27 Ni da ni ne 33', '28 rim tim easy win 32', '28 Neurotiƒçna mre≈æa 32', '28 Star Whores 32', '31 Ko≈°arka≈°ki klub Karlovac 31.5', '32 Nogi≈° 31', '33 Quizards of Oz 30.5', '34 Nezavisni intelektualci 30', '35 The Bada Bings 29', '36 Griz i jaja 28', '37 Reveasyja 26', '38 Ni≈æi sloj 25.5', '39 Fakultet za umobolnu kulturu 24.5', '40 Tautologija 24', '41 Neparni valjak 22', '42 Lol 19']"
Kviz u Dvojci,Kviz u Dvojci #12,General Knowledge,10 EUR per team,2 - 5,120 min,"Sat, 23.03. @ 19:00","Caffe bar 2|Vatrogasna ul. 2, 10380, Sveti Ivan Zelina, Croatia","['results', '1 Mekota 50', '2 Winksice 49', '3 Sekundarne sirovine 47', '4 ƒåu≈°pajz 41', '5 Petica 40.5', '6 Mlinci z rezanci 36', '7 To≈°e ima kro≈°e 35.5', '8 Beverly Hills 35', '9 Leteƒái medvjediƒái 34.5', '10 Ccokolada 33', '11 Masters 22.5']"
Hedokvizam,Hedokvizam #68,General Knowledge,2 EUR per player,1 - 5,140 min,"Mon, 25.03. @ 20:00","Caffe bar Plava ptica|Ul. kralja Dr≈æislava 4, 10000, Zagreb, Croatia","['results', '1 Marko Kvizaja 41', '1 Jemen ti mater 41', '3 Prometni poku≈°aj 39.5', '4 Slaven Me Lupo 39', '5 The Bestrogen 37.5', '5 ≈Ωi≈æekovi tikovi 37.5', '7 Jana i veveri 37', '8 Litra maslinovog 10 eura 30', '9 Don Quizote 28.5', '10 Logos vlada 26', '11 Jasmin Star Wars 25', '12 Diplomirani znalci 23']"
Kule,Nogometni kviz Jolly Roger,Nogomet (Sport & Games),10 EUR per team,1 - 4,150 min,"Thu, 28.03. @ 20:00","Caffe Bar Jolly Roger|Ul. Josipa Jurja Strossmayera 37, 32270, ≈Ωupanja, Croatia","['results', '1 ≈†eƒáerana 75', '2 Zona Cesarini 70', '3 La≈æna devetka 68', '3 Sv. Mark Viduka 68', '5 Malo mjesta za Taribo Westa 65', '6 Maratonci 64', '7 Lo≈° centar≈°ut 63', '8 Ji Sung Park the bus 61', '9 Nespojivi 60', '10 Viskipedia 58', '10 Stara ≈°kola 58', '12 Iskusni minutes 57', '13 Vinnie Jones 53', '14 ≈Ωepƒçeva krv 46', '15 Ne znamo ni≈°ta, do≈°li na pivo 37']"
Hedokvizam,Hedokvizam #69,General Knowledge,2 EUR per player,1 - 5,140 min,"Thu, 04.04. @ 20:00","Caffe bar Plava ptica|Ul. kralja Dr≈æislava 4, 10000, Zagreb, Croatia","['results', '1 Slaven Me Lupo 40', '2 Jemen ti mater 38.5', '2 Di si radosti? 38.5', '4 Marko Kvizaja 38', '5 ≈Ωi≈æekovi tikovi 36.5', '6 Prometni poku≈°aj 34', '7 Banans 33.5', '8 Ekskurzija bratstva i jedinstva 32', '9 Gogh Rangers 31', '10 Linƒëo kornjaƒçe 28', '10 Ciao Bimbi! 28', '12 And Then There Was One 25', '13 Don Quizote 21']"
qwyz,qwyz #3,General Knowledge,3 EUR per player,1 - 4,150 min,"Thu, 18.04. @ 20:00","Varadero Bar Zagreb|Ozaljska ul. 8, 10110, Zagreb, Croatia","['results', '1 Zombi stric 46.5', '2 Jaka rekcija 45.5', '3 Izmeƒëu dva Bauhausa 42.5', '4 Tajno ime, ponosim se njime 38.6', '5 Bertha Mason 38.5', '5 Blitzkrigla 38.5', '7 Sokol ga nije dojio* 37.6', '8 Daj Kiri daiquiri 37.5', '9 OnlyFans and Horses 37', '10 Ekipa 36.6', '11 Double penetration i partneri 36.5', '12 Jedna banana za Kofi Anana 35.6', '13 Truti 35.5', '14 Nepovratna amblama≈æa 34.6', '15 On me voli na svom naƒái 34.5', '16 Borg i Hrvati 34', '17 Pale Ale sam na svijetu 33', '18 Milf ≈°nite 30.5', '19 Tad i ja 29', '20 ƒåonjci 28', '21 Sestre nemilosrdnice 24', '22 Gelipteri* 21', '23 Ispred knji≈ænice 18', '24 Bubice pospane 14']"
Hedokvizam,Hedokvizam #70,General Knowledge,2 EUR per player,1 - 5,140 min,"Thu, 11.04. @ 20:00","Caffe bar Plava ptica|Ul. kralja Dr≈æislava 4, 10000, Zagreb, Croatia","['results', '1 Prometni poku≈°aj 40.5', '2 Marko Kvizaja 40', '3 Banans 37', '3 Jemen ti mater 37', '5 ≈Ωi≈æekovi tikovi 36.5', '6 Dorjini momci 35.5', '7 Podbradak Filipa Latinovicza 32', '8 Litra maslinovog 10 eura 31.5', '9 The Bestrogen 30', '9 Mate Keƒçap 30', '11 Don Quizote 26', '12 And Then There Was One 22']"
caffe bar London Zagreb,92. Opƒái PUB QUIZ,General Knowledge,Free,2 - 5,180 min,"Sat, 13.04. @ 19:15","Caffe Bar London|Nova Ves 73, 10000, Zagreb, Croatia","['results', '1 Film ≈°nite 70', '2 Rospije 67', '3 Karam prasad 56', '4 N-Fantasticus 52', '5 Sandra Perkoviƒá THOMPSON 40']"
Hedokvizam,Hedokvizam #71,General Knowledge,2 EUR per player,1 - 5,140 min,"Thu, 18.04. @ 20:00","Caffe bar Virtuoz|Ul. Kneza Mislava 9, 10000, Zagreb, Croatia","['results', '1 Marko Kvizaja 43.5', '2 Prometni poku≈°aj 36.5', '3 Jemen Ti Bestrogen 35.000000001000004', '4 Penisilin 35', '5 Mate Keƒçap 34.5', '6 Banans 33', '7 Saugaƒçi 32.5', '8 Ceca valovi 30', '9 Litra maslinovog 10 eura 29.5', '10 ≈Ωi≈æekovi tikovi 29', '11 List 28.5', '12 Milim poris 28', '13 Diplomirani znalci 27', '14 Teniski lakat 26.5', '15 Don Quizote 26', '16 Ciao Bimbi! 21.5']"
Kviz u Dvojci,Kviz u Dvojci #13,General Knowledge,10 EUR per team,2 - 5,120 min,"Sat, 20.04. @ 20:00","Caffe bar 2|Vatrogasna ul. 2, 10380, Sveti Ivan Zelina, Croatia","['results', '1 Petica 52', '2 Only Fools and Horses 50.5', '3 Mekota 49.5', '4 Winksice 46.5', '4 Sekundarne sirovine 46.5', '6 Crack house 39.5', '7 Mlinci z rezanci 38.5', '7 Leteƒái medvjediƒái 38.5', '9 Beverly Hills 37.5', '10 Prgava familija 34', '11 Ccokolada 32.5', '12 Predzadnji 25.5', '13 Kadatosi 0', '13 ƒåu≈°pajz 0']"
Hedokvizam,Hedokvizam #72,General Knowledge,2 EUR per player,1 - 5,140 min,"Thu, 25.04. @ 20:00","Caffe bar Virtuoz|Ul. Kneza Mislava 9, 10000, Zagreb, Croatia","['results', '1 Jemen ti mater 41.5', '2 Mate Keƒçap 40', '2 Mudja 40', '4 ≈Ωi≈æekovi tikovi 39.5', '4 Marko Kvizaja 39.5', '6 Prometni poku≈°aj 39', '6 Begijevi anƒëeli 39', '8 Teniski lakat 38.5', '9 Penisilin 37.5', '10 Banans 36.5', '11 Diplomirani znalci 34.5', '11 Bzikove male 34.5', '11 Litra maslinovog 10 eura 34.5', '14 Bzikov mali 33.5', '15 The Bestrogen 31.5', '16 Ciao Bimbi 29']"
Kule,Nogometni kviz Jolly Roger,Nogomet (Sport & Games),10 EUR per team,1 - 4,150 min,"Fri, 26.04. @ 20:00","Caffe Bar Jolly Roger|Ul. Josipa Jurja Strossmayera 37, 32270, ≈Ωupanja, Croatia","['results', '1 Viskipedia 79', '2 Malo mjesta za Taribo Westa 69', '2 Lo≈° centar≈°ut 69', '2 ≈†eƒáerana 69', '5 Zona Cesarini 65', '6 Iskusni minutes 64', '7 Nespojivi 63', '8 Sv. Mark Viduka 62', '9 Maratonci 61', '10 La≈æna devetka 60', '10 Stara ≈°kola 60', '12 ≈Ωepƒçeva krv 56', '13 Ji Sung park the bus 55', '14 Nez ni≈°ta, do≈°li na pivo 53', '15 Kultura opƒáenja 51']"
Hedokvizam,Hedokvizam #73,General Knowledge,Free,1 - 5,140 min,"Thu, 02.05. @ 20:00","Caffe bar Virtuoz|Ul. Kneza Mislava 9, 10000, Zagreb, Croatia","['results', '1 Marko Kvizaja 44.5', '2 Mate Keƒçap 37.5', '3 Mali znanstvenici 36.5', '3 ≈Ωi≈æekovi tikovi 36.5', '5 Kala 34.5', '6 Jemen ti mater 34', '7 Prometni poku≈°aj 32.5', '8 Ostavinska masa je mama 31', '9 Banans 28', '10 Ciao Bimbi! 27', '11 Don Quizote 26', '12 Diplomirani znalci 23', '13 Milim poris 22.5']"
qwyz,qwyz #4,General Knowledge,3 EUR per player,1 - 4,150 min,"Thu, 09.05. @ 20:00","Varadero Bar Zagreb|Ozaljska ul. 8, 10110, Zagreb, Croatia","['results', '1 Zombi ujak 44', '2 Jaka rekcija 43.5', '3 Rotacije Jasmina Repe≈°e 40.5', '4 Suza za ≈†iroki Brijeg 39', '5 Jedna banana za Kofi Anana 38.5', '6 Nepovratna amblama≈æa 35', '7 Bertha Mason 34', '8 Pale Ale sam na svijetu 33', '9 Blitzkigla 31.5', '10 Vostok 29.1', '11 Borg i Hrvati 29', '11 On me voli na svom naƒái 29', '13 Srbi i Federacija 28.5', '14 Djeƒçja prijetnja 27', '15 Milf ≈°nite 26', '16 ƒåonjci 24.5', '16 Muƒáke 24.5', '18 Sokol ga nije dojio 24', '19 Niska oƒçekivanja 23.6', '20 exdretva 23.5', '21 Qwiz Khalifa 22.5', '22 Posau 20', '23 Dupin ƒçiƒái 17', '24 ≈†kafi≈°kafnjak 15.5']"
Kviz u Dvojci,Kviz u Dvojci #14,General Knowledge,10 EUR per team,2 - 5,150 min,"Sat, 04.05. @ 20:00","Caffe bar 2|Vatrogasna ul. 2, 10380, Sveti Ivan Zelina, Croatia","['results', '1 Mekota 49.5', '2 Sekundarne sirovine 48', '3 Only Fools & Horses 43.5', '4 Petica 41', '5 Grdo 38', '6 ≈†etoflin 37', '7 Beverly Hills 34.5', '7 Winksice 34.5', '9 Mlinci z rezanci 34', '10 Crack house 32', '11 Otorinolaringolozi 29', '12 Prgava familija 26.5']"
Hedokvizam,Hedokvizam #74,General Knowledge,2 EUR per player,1 - 5,120 min,"Thu, 09.05. @ 20:00","Caffe bar Virtuoz|Ul. Kneza Mislava 9, 10000, Zagreb, Croatia","['results', '1 Marko Kvizaja 45', '2 ≈Ωi≈æekovi tikovi 37.5', '3 Penisilin 37', '3 Teniski lakat 37', '5 Prometni poku≈°aj 36.5', '6 Litra maslinovog 10 eura 35.5', '7 Banans 34', '8 Mate Keƒçap 33.5', '9 Slaven Me Lupo 32.5', '10 Diplomirani znalci 32', '11 Igraƒçi 29.5', '11 Kwiz Khalifa 29.5', '13 Don Quizote 27.5']"
Kviz u Dvojci,Kviz u Dvojci #15,General Knowledge,10 EUR per team,2 - 5,150 min,"Sat, 18.05. @ 20:00","Caffe bar 2|Vatrogasna ul. 2, 10380, Sveti Ivan Zelina, Croatia","['results', '1 Mekota 51', '2 Winksice 47.5', '3 Petica 47', '4 Mlinci z rezanci 40', '5 Only Fools & Horses 39.5', '6 Beverly Hills 39', '7 Grdo 38.5', '8 Crack house 37.5', '9 Sekundarne sirovine 36', '10 ≈†etoflin 34.5', '11 Prgava familija 34', '12 Dinamo 32.5', '13 Ako prode prode (APP) 25.5', '14 Otorinolaringolozi 25']"
Hedokvizam,Hedokvizam #76,General Knowledge,2 EUR per player,1 - 5,140 min,"Thu, 30.05. @ 20:00","Caffe bar Virtuoz|Ul. Kneza Mislava 9, 10000, Zagreb, Croatia","['results', '1 Marko Kvizaja 42', '2 ≈Ωi≈æekovi tikovi 40', '3 Jemen ti mater 39.5', '4 Naplatne kuƒçkice 39', '5 Otpisani 38.5', '6 Prometni poku≈°aj 37', '6 Trag Tattoo 37', '8 Broj jeban 36.5', '8 Vodozemci 36.5', '10 Bestrogen 35.5', '11 Tvoja mama 33.5', '12 CDU 33', '13 Iliri gostuju u Prekodravlju 32', '14 DaMa PaVa 30.5', '15 MILF ≈°nite 28.5', '16 Diplomirani znalci 27.5', '16 Hard Defense 27.5', '18 SUP MK 24.5']"
qwyz,qwyz #5,General Knowledge,3 EUR per player,1 - 4,150 min,"Thu, 06.06. @ 20:00","Varadero Bar Zagreb|Ozaljska ul. 8, 10110, Zagreb, Croatia","['results', '1 Zombi kum 46.5', '2 Jaka rekcija 44.1', '3 Jedna banana za Kofi Anana 44', '4 Suza za ≈†iroki Brijeg 42', '5 MI 24 41', '6 Blitzkrigla 40', '7 Bertha Mason 38', '8 OnlyFans and Horses 37.5', '9 Vostok 37', '10 Tekila gorila 36.5', '11 Rom≈°tajn 34.5', '12 On me voli na svom naƒái 34', '13 (Alpski) Srbi i Federacija 32.5', '14 Sestre nemilosrdnice 30', '15 Borg i Hrvati 29', '16 Nevin u ludnici 27.5', '17 ƒåonjci 25.5', '18 Usprkos Domagoju 22']"
Hedokvizam,Hedokvizam #77,General Knowledge,2 EUR per player,1 - 5,140 min,"Thu, 06.06. @ 20:00","Caffe bar Virtuoz|Ul. Kneza Mislava 9, 10000, Zagreb, Croatia","['results', '1 Marko Kvizaja 38.5', '2 Prometni poku≈°aj 36.5', '3 ≈Ωi≈æekovi tikovi 36', '4 Mate Keƒçap 34.5', '5 Jemen ti mater 32.5', '6 Banans 32', '7 Broj Jeban 27.5', '8 Hard defense 24.5', '9 Don Quizote 24', '10 CDU 23.5', '11 MILF ≈°nite 23', '12 Diplomirani znalci 22']"
Hedokvizam,Hedokvizam #78,General Knowledge,Free,1 - 5,140 min,"Thu, 13.06. @ 20:00","Caffe bar Virtuoz|Ul. Kneza Mislava 9, 10000, Zagreb, Croatia","['results', '1 Jemen ti mater 42.5', '2 Marko Kvizaja 37.5', '3 Ciao ≈Ωi≈æekovi tikovi! 35.5', '4 Slaven Me Lupo 34', '4 Prometni poku≈°aj 34', '6 Banans 33', '7 Pijani i (ne)ugodni 32.5', '7 Donat ce smislit ime 32.5', '9 Mate Keƒçap 32', '10 Ekipa za oƒçevid 30', '11 Trojac bez Tiaga 29.5', '12 Bur≈æoslavija 28.5', '13 Super Andrija 28', '14 Bob branitelj 27.5', '15 Nietzsche i piƒáe 27', '16 Litra maslinovog 10 eura 26.5']"
Hedokvizam,Hedokvizam #80,General Knowledge,2 EUR per player,1 - 5,140 min,"Thu, 04.07. @ 20:00","Caffe bar Virtuoz|Ul. Kneza Mislava 9, 10000, Zagreb, Croatia","['results', '1 Marko Kvizaja 41', '2 Nemamo kemijsku 37.5', '3 Jemen ti mater 36', '4 ≈Ωi≈æekovi tikovi 35', '5 Ringi≈°pil 31.5', '6 Prometni poku≈°aj 28', '7 The Bestrogen 26', '8 Ku≈°lanovci 25.5', '9 Don Quizote 25', '10 Diplomirani Znalci 23', '11 Iviƒçina ≈°kvadra 22', '12 Samoborci morci 21.5', '13 Teniski Lakat 16.5']"
Kule,Nogometni kviz Jolly Roger,Nogomet (Sport & Games),10 EUR per team,1 - 4,140 min,"Sat, 29.06. @ 20:00","Jolly Roger|Ul. Josipa Jurja Strossmayera 37, 32270, ≈Ωupanja, Croatia","['results', '1 Zona Cesarini 69', '2 Iskusni minutes 68', '2 Maratonci 68', '4 Sv. Mark Viduka 67', '5 Viskipedia 65', '6 Lo≈° centar≈°ut 63', '6 MMZTW 63', '8 ≈†eƒáerana 62', '9 Kultura opƒáenja 59', '10 Nespojivi 56', '11 La≈æna devetka 55', '12 Ji Sung Park the bus 50', '13 NNDNP 47', '14 Stara ≈†kola 41', '15 ≈Ωdrepƒçeva krv 36']"
Kule,Sportski kviz - ≈Ωupanjsko ljeto,Sport (Sport & Games),10 EUR per team,1 - 4,120 min,"Sat, 10.08. @ 09:23","Gradska knji≈ænica|≈Ωupanje, Croatia","['results', '1 PUKKI I PRIJATELJI 43', '2 Tidabudibuda 42', '3 Kultura opƒáenja 41', '4 Vid njega di si se popeo 37', '5 Malo mjesta za Taribo Westa 33', '6 Volim piti i Umtiti 31', '7 Luka Cmizdriƒá 30', '8 ≈Ωepƒçeva krv 14']"
Kviz u Dvojci,Kviz u Dvojci #17,General Knowledge,10 EUR per team,2 - 5,150 min,"Fri, 06.09. @ 20:00","Caffe bar 2|Vatrogasna ul. 2, 10380, Sveti Ivan Zelina, Croatia","['results', '1 Mekota 47.2', '2 Winksice 47.1', '3 Mefka mela 47', '4 Eureka 44', '5 Beverly Hills 42', '6 Let‚Äôs get Quizzical 39.5', '7 Mlinci z rezanci 38.5', '8 Babu≈°ka 35.5', '9 Minƒëa Kornjaƒçe 32.5', '10 Krim tim 5 23.5']"
Hedokvizam,Hedokvizam #81,General Knowledge,2 EUR per player,1 - 5,140 min,"Thu, 12.09. @ 20:00","Caffe bar Virtuoz|Ul. Kneza Mislava 9, 10000, Zagreb, Croatia","['results', '1 Jemen ti mater 43.5', '2 Nemamo kemijsku 39.5', '3 Marko Kvizaja 38.5', '4 ≈†tracatela 37', '5 Darkest Tower 36.5', '5 Pozdravio te Adam 36.5', '7 Mamuti 36', '7 Prometni poku≈°aj 36', '9 Kamilfica 34', '9 Sandra Perkoviƒá Thompson 34', '9 The Bestrogen 34', '12 Yellow Hill 33.5', '13 Mlinke d.o.o. 29', '14 ≈†vikeri 28.5', '15 Don Quizote 27.5', '16 Nec 26', '17 Terea 24.5']"
IQuiz,Foodie & Film IQuiz,General Knowledge,15 EUR per team,2 - 5,100 min,"Wed, 04.09. @ 19:30","Park dr. Franje Tuƒëmana|10000, ƒårnomerec, Zagreb, Croatia","['results', '1 Chevap by Sagon Diznac 37', '2 Oralne hijene 32', '3 Sarma Hayek 30', '4 Eskhiimi 29', '5 Jadrija 28.5', '6 Krkani 28', '6 Quiz me baby one more time 28', '8 Britanac 2 27.5', '9 Citizens of Kegliƒá 26.5', '10 Grmilice 26', '11 Ima nas 6 i opet smo lo≈°i 25', '12 Bra≈°no & Co. 24', '13 Second breakfast 23.5', '14 Punta 22.5', '14 Kim Tim 2 22.5', '16 Ivan bez plodova zemlje 21.5', '17 Na silu 21', '18 Chucky & other dolls 20.5', '18 MUƒÜka ekipa 20.5', '20 Random ekipa 20', '21 Ne znamo ni mi 16']"
Kule,Nogometni kviz Jolly Roger,Nogomet (Sport & Games),10 EUR per team,1 - 4,140 min,"Fri, 30.08. @ 20:00","Jolly Roger|Ul. Josipa Jurja Strossmayera 37, 32270, ≈Ωupanja, Croatia","['results', '1 Viskipedia 70', '2 Mal Akita 66', '3 ≈†eƒáerana 65', '4 Kultura opƒáenja 64', '5 Sv. Mark Viduka 63', '5 Malo mjesta za Taribo Westa 63', '5 La≈æna devetka 63', '8 Stara ≈°kola 57', '9 Zona Cesarini 56', '10 Lo≈° centar≈°ut 55', '10 Jebate Borisov 55', '12 Nespojivi 52', '13 NZNDNP 49', '13 Ji Sung Park the bus 49', '15 Iskusni minutes 48', '16 Maratonci 44', '17 ≈Ωepƒçeva krv 43']"
qwyz,qwyz #6,General Knowledge,3 EUR per player,1 - 4,150 min,"Thu, 12.09. @ 20:00","Varadero Bar Zagreb|Ozaljska ul. 8, 10110, Zagreb, Croatia","['results', '1 Daj Kiri daiquiri 45', '2 Jaka rekcija 44', '3 Pepeljaristi 43.5', '4 Tihi ubojice 39.1', '5 OnlyFans and Horses 39', '6 Volkswagen je smeƒáe 38', '6 Suza za ≈†iroki Brijeg 38', '8 Sokol ga nije dojio 35', '9 Vostok 34', '10 Borg i Hrvati 32.5', '11 ƒåipi ƒçips 31.5', '12 Milf ≈°nite 31', '13 kbc sir 29.5', '14 Johnnyevi grijesi 29', '15 Nevin u ludnici 28.9', '16 Srbi i Federacija 28', '16 Samo ne govori da me zna≈° 28', '18 Konjdzija 24', '19 Divock Origi 23']"
Kviz u Dvojci,Kviz u Dvojci #18,General Knowledge,10 EUR per team,2 - 5,150 min,"Thu, 19.09. @ 19:00","Caffe bar 2|Vatrogasna ul. 2, 10380, Sveti Ivan Zelina, Croatia","['results', '1 Antihristo Stoichkov 40.5', '2 Winksice 40', '3 ≈†ampinjoni 39', '4 Hoƒáe grom u koprive 38.5', '5 De Puta Madre 37.5', '6 Sekundarne sirovine 37', '7 Mlinci z rezanci 36.5', '7 Eureka 36.5', '9 ≈†etoflin 35']"
Hedokvizam,Hedokvizam #82,General Knowledge,2 EUR per player,1 - 5,140 min,"Thu, 19.09. @ 20:00","Caffe bar Virtuoz|Ul. Kneza Mislava 9, 10000, Zagreb, Croatia","['results', '1 Marko Kvizaja 42.5', '2 Tuborg 42', '3 Nemamo kemijsku 41.5', '4 Jemen ti mater 39', '5 ≈†uta kroz sne 38', '6 Muƒáke 37.5', '7 NJ, a nije New Jersey 36', '8 Prometni poku≈°aj 34', '9 Slaven Me Lupo 33', '10 Pozdravio te Adam 32.5', '11 Isus Zenphone 32', '12 The Bestrogen 31', '13 Robi i Tik 25.5', '13 2 i pol ≈°tudenta 25.5', '15 Diplomirani znalci 25', '16 Ciao Bimbi 17']"
Hedokvizam,Hedokvizam #83,General Knowledge,2 EUR per player,1 - 5,140 min,"Thu, 26.09. @ 20:00","Caffe bar Virtuoz|Ul. Kneza Mislava 9, 10000, Zagreb, Croatia","['results', '1 The Bestrogen 41', '2 Marko Kvizaja 39', '3 Nemamo kemijsku 38.5', '4 ≈Ωi≈æekovi tikovi 37', '5 Ivan bez plodova zemlje 36.5', '5 Pocko 36.5', '7 GOVNO 35', '8 ≈†ala nastrana 34.5', '8 Jemen ti mater 34.5', '8 SR32 34.5', '11 Prometni poku≈°aj 34', '12 Mate Keƒçap 32.5', '13 Diplomirani znalci 29.5', '14 Jankov harem 28.5', '15 And Then There Was One 25']"
Hedokvizam,Hedokvizam #84,General Knowledge,2 EUR per player,1 - 5,140 min,"Thu, 03.10. @ 20:00","Caffe bar Virtuoz|Ul. Kneza Mislava 9, 10000, Zagreb, Croatia","['results', '1 Ivan bez plodova zemlje 45.5', '2 Marko Kvizaja 43.5', '3 ≈Ωi≈æekovi tikovi 43', '4 The Bestrogen 41.5', '5 Pocko 41', '5 Nemamo kemijsku 41', '7 Projektor 39', '8 Prometni poku≈°aj 38.5', '9 Seletabis 37.5', '10 Polubratiƒái 36.5', '11 Slaven Me Lupo 34', '11 Ima nas 5 34', '13 Mate Keƒçap 31', '14 Glup i gluplji 28.5', '15 –ì–æ—Ä–∏–º–æ ‚ù§Ô∏è\u200düî• 27.5', '16 Don Quizote 23.5', '17 Ciao Bimbi! 19']"
Kule,Nogometni kviz Jolly Roger,Nogomet (Sport & Games),10 EUR per team,1 - 4,140 min,"Fri, 27.09. @ 20:00","Jolly Roger|Ul. Josipa Jurja Strossmayera 37, 32270, ≈Ωupanja, Croatia","['results', '1 Zona Cesarini 72', '2 La≈æna devetka 66', '2 ≈†eƒáerana 66', '4 Sv. Mark Viduka 63', '5 Viskipedia 61', '5 Maratonci 61', '7 Iskusni minutes 57', '7 Malo mjesta za Taribo Westa 57', '9 Kultura opƒáenja 54', '10 Lo≈° centar≈°ut 52', '10 Nespojivi 52', '12 Stara ≈°kola 50', '13 Ji Sung Park the bus 45', '14 ≈Ωepƒçeva krv 37']"
qwyz,qwyz #7,General Knowledge,3 EUR per player,1 - 4,150 min,"Thu, 10.10. @ 20:00","Varadero Bar Zagreb|Ozaljska ul. 8, 10110, Zagreb, Croatia","['results', '1 Jaka rekcija 48', '2 Suza za Volkswagen 47.5', '3 Zombi kum 46', '4 ƒåiƒça Tomina kobila 45', '5 Daj Kiri daiquri 42.6', '6 OnlyFans and Horses 42.5', '7 Sokol ga nije dojio 35.5', '8 MMMM... 34.5', '9 Pale Ale sam na svijetu 33', '10 Milf ≈°nite 32', '11 Neprirodna pogoda 31.5', '12 Blitzkrigla 30.5', '13 Borg i Hrvati 30.4', '14 Nevin u ludnici 28.5', '15 Konjci 27.5', '16 Bruno od Vesne 27.4', '17 kbc sir 22', '18 Niska oƒçekivanja 20.5', '19 Leteƒái Medvjediƒái 17.5', '20 Ispred knji≈ænice 13']"
Hedokvizam,Hedokvizam #85,General Knowledge,2 EUR per player,1 - 5,140 min,"Thu, 10.10. @ 20:00","Caffe bar Virtuoz|Ul. Kneza Mislava 9, 10000, Zagreb, Croatia","['results', '1 ≈Ωi≈æekovi tikovi 38.5', '2 Nemamo kemijsku 37.5', '3 Jemen ti mater 35.5', '4 Marko Kvizaja 33', '5 Bolji smo od Pocka 32.5', '6 Projektor 32', '7 Prometni poku≈°aj 31', '7 ≈†lape 31', '9 Mate Keƒçap 30.5', '10 ≈†tracatela 28.5', '11 The Bestrogen 27.5', '11 Karlo Kropu≈°ek 27.5', '13 Don Quizote 26', '14 Pojma nemam 25.5', '14 Pocko 25.5', '16 Radler od Limuna 24.5', '17 Majmuni 20.5', '18 Obrijane guzice 17.5']"
Hedokvizam,Hedokvizam #86,General Knowledge,2 EUR per player,1 - 5,140 min,"Thu, 17.10. @ 20:00","Caffe bar Virtuoz|Ul. Kneza Mislava 9, 10000, Zagreb, Croatia","['results', '1 Nepo Baddies 39.5', '2 Jemen ti mater 38.5', '3 Nemamo kemijsku 37.5', '4 Mate Keƒçap 37', '5 Marko Kvizaja 36.5', '5 ≈Ωi≈æekovi tikovi 36.5', '7 Prometni poku≈°aj 35.5', '8 ≈†tracatela 34', '9 Konkviztadori 33', '10 Dekle 31.5', '11 Banans 30.5', '12 Don Quizote 25.5', '13 Bolji smo od Pocka 24.5', '14 Ekipa malo jaƒça 24', '15 Pocko 23.5', '16 Ekipa malo slabija 21.5', '17 Bur≈æoslavija 20', '18 L.a.j.n.a 19.5']"
Kviz u Dvojci,Kviz u Dvojci #19,General Knowledge,10 EUR per team,2 - 5,150 min,"Sat, 26.10. @ 20:00","Caffe bar 2|Vatrogasna ul. 2, 10380, Sveti Ivan Zelina, Croatia","['results', '1 Majmuni 48', '2 ≈†etoflin 45.2', '3 Winksice 45.1', '4 ≈†ampinjoni 45', '5 Hoƒáe grom u koprive 42', '6 Kak bu - bu 41.5', '7 Eureka 38', '7 Beverly Hills 38', '9 Papukƒçari 37', '10 42 36', '11 Kinder milf ≈°nite 35', '12 Bruco≈°i 30.5']"
Hedokvizam,Hedokvizam #87,General Knowledge,2 EUR per player,1 - 5,140 min,"Thu, 24.10. @ 20:00","Caffe bar Virtuoz|Ul. Kneza Mislava 9, 10000, Zagreb, Croatia","['results', '1 Jemen ti mater 43.5', '2 Marko Kvizaja 39', '3 Freudova mama 38.5', '4 Prometni poku≈°aj 37.5', '5 Nemamo kemijsku 37', '6 Mate Keƒçap 35.5', '7 Beky 34.5', '8 Pocko 32', '8 Sprƒç i ili 32', '10 The Bestrogen 30.5', '11 Effectusovci 29.5', '12 ≈Ωi≈æekovi tikovi 29', '13 Bur≈æoslavija 28.5', '14 ƒåetvrti ef 28', '15 ƒåetvrti ef 2 27.5', '16 Bezimeni 26.5', '17 Don Quizote 25.5', '18 Normabel 24', '18 Gibonni 24']"
Hedokvizam,Hedokvizam #88,General Knowledge,2 EUR per player,1 - 5,140 min,"Thu, 31.10. @ 20:00","Caffe bar Virtuoz|Ul. Kneza Mislava 9, 10000, Zagreb, Croatia","['results', '1 Jemen ti mater 40', '2 Marko Kvizaja 39', '3 ≈Ωi≈æekovi tikovi 35.5', '4 Letva kralja Zvonimira 34', '5 Hedonistice 31.5', '6 Prometni poku≈°aj 31', '7 ≈†erif u Porscheu 30.5', '8 Cimprte s kobasama 29.5', '8 Mate Keƒçap 29.5', '10 The Bestrogen 29', '11 Don Quizote 27']"
Kule,Nogometni kviz Jolly Roger,Nogomet (Sport & Games),10 EUR per team,1 - 4,140 min,"Thu, 31.10. @ 20:00","Jolly Roger|Ul. Josipa Jurja Strossmayera 37, 32270, ≈Ωupanja, Croatia","['results', '1 Zona Cesarini 74', '2 Viskipedia 72', '3 La≈æna devetka 71', '4 Malo mjesta za Taribo Westa 68', '4 Sv. Mark Viduka 68', '6 ≈†eƒáerana 66', '7 Lo≈° centar≈°ut 65', '8 Maratonci 58', '8 Iskusni minutes 58', '10 Kultura opƒáenja 57', '11 Nespojivi 55', '11 Stara ≈°kola 55', '13 Ji Sung Park the Bus 50', '14 ≈Ωepƒçeva krv 49', '15 NK Lo≈°i 39']"
Hedokvizam,Hedokvizam #89,General Knowledge,2 EUR per player,1 - 5,140 min,"Thu, 07.11. @ 20:00","Caffe bar Virtuoz|Ul. Kneza Mislava 9, 10000, Zagreb, Croatia","['results', '1 Jemen ti mater 40.5', '2 Marko Kvizaja 36', '3 ≈Ωi≈æekovi tikovi 33.5', '4 Prometni poku≈°aj 32.5', '5 Mate Keƒçap 29', '6 Sprƒç i ili 26.5', '7 Pocko 22.5', '7 KAMATARKE 22.5', '7 Gibonni 22.5', '10 Bzikov mali 20.5', '11 Mica torbica 20', '12 Don Quizote 19.5', '13 Tonko 18', '14 LOR 17.5', '15 Braƒáa bez gaƒáa 16.5']"
Kviz u Dvojci,Kviz u Dvojci #20,General Knowledge,10 EUR per team,2 - 5,150 min,"Sat, 09.11. @ 20:00","Caffe bar 2|Vatrogasna ul. 2, 10380, Sveti Ivan Zelina, Croatia","['results', '1 Majmuni 48.5', '2 Mekota 47.5', '3 Neubrojivi 46', '4 Hoƒáe grom u koprive 44.5', '5 Kak bu bu 43', '6 ƒåu≈°pajz 41.5', '6 Eureka 41.5', '8 Kinder Milf ≈°nite 41', '9 Beverly Hills 40', '10 Winksice 39', '11 Dvojka 38']"
Kvizaljka,LIGA U YELLOW GARDENU - 7. KOLO,General Knowledge,2 EUR per player,1 - 5,130 min,"Mon, 04.11. @ 20:00","yellow GARDEN|Ul. Dane Duiƒáa 1, 10000, Zagreb, Croatia","['results', '1 Krtek 43.5', '2 Mjestimiƒçno s Burom 40.5', '3 Mokri Golubovi 38.5', '4 Disciplina krƒçme 35', '5 KTM 35', '6 Koker≈°panijelska Inkvizicija 34', '7 Krezubi Ravnozemlja≈°i 33', '8 Pale sam s Marsa 32.5', '9 Slavturn V 27', '10 Vodopadi 15']"
